{
    "TRC-USD": {
        "Model Adı": "TRC_USD_predict_367_features_7_days",
        "Beklenen Değişim": [
            -4.397953314592575,
            -0.2920082939280681,
            0.32540110813250195,
            0.05761910500281774,
            -5.665506126185169,
            12.2669802312462
        ],
        "Tercih Oranı": [
            -4.275915375057906,
            -0.2839054133450083,
            0.31637161693098664,
            0.056020243816855594,
            -5.5082951135610525,
            11.926586215064493
        ],
        "Eğitim Başarısı": {
            "r2": 0.997905988112099,
            "mse": 3.7099292589982714e-06,
            "mae": 0.000555683739568417
        },
        "Test Başarısı": {
            "r2": 0.9722511971353258,
            "mse": 3.9654942899891734e-05,
            "mae": 0.0015522987645226057
        }
    },
    "FBTC-USD": {
        "Model Adı": "FBTC_USD_predict_367_features_7_days",
        "Beklenen Değişim": [
            0.29074405827081856,
            0.12540426146509367,
            -1.0961975692876695,
            0.42525843916730216,
            -0.35474803286393347,
            -0.20129910298922055
        ],
        "Tercih Oranı": [
            0.29035654047293746,
            0.12523711657643496,
            -1.094736503941676,
            0.4246916340712442,
            -0.3542752074610149,
            -0.2010308017707201
        ],
        "Eğitim Başarısı": {
            "r2": 0.9995980609615235,
            "mse": 149065.62972800384,
            "mae": 42.152279220445806
        },
        "Test Başarısı": {
            "r2": 0.9986671514452063,
            "mse": 575282.4599787283,
            "mae": 117.63285360444266
        }
    },
    "0XBTC-USD": {
        "Model Adı": "0XBTC_USD_predict_367_features_7_days",
        "Beklenen Değişim": [
            -0.188309080912837,
            -0.049756832222443495,
            0.11051421145161307,
            0.18277411280059172,
            -0.24106217053721685,
            -2.2917843194409753
        ],
        "Tercih Oranı": [
            -0.18549644961436973,
            -0.049013651792997256,
            0.108863543684836,
            0.18004415316337974,
            -0.23746160596304602,
            -2.2575536584715246
        ],
        "Eğitim Başarısı": {
            "r2": 0.9959693576622731,
            "mse": 0.00038945600614313276,
            "mae": 0.003357600077206588
        },
        "Test Başarısı": {
            "r2": 0.9850637511221823,
            "mse": 0.0015538856214090432,
            "mae": 0.008176607070084043
        }
    },
    "TEL-USD": {
        "Model Adı": "TEL_USD_predict_367_features_7_days",
        "Beklenen Değişim": [
            -19.013425841534605,
            -4.656611697672306,
            4.5975804507913605,
            -3.930981728745349,
            24.586362725942973,
            5.812928227708913
        ],
        "Tercih Oranı": [
            -18.74923435676199,
            -4.591908094614611,
            4.533697086700143,
            -3.8763607515376224,
            24.244735302886177,
            5.732157610558989
        ],
        "Eğitim Başarısı": {
            "r2": 0.9970529080941191,
            "mse": 5.211244455264629e-08,
            "mae": 3.882047975964417e-05
        },
        "Test Başarısı": {
            "r2": 0.9861050035393678,
            "mse": 2.002834150934112e-07,
            "mae": 8.740412459749284e-05
        }
    },
    "SLND-USD": {
        "Model Adı": "SLND_USD_predict_367_features_7_days",
        "Beklenen Değişim": [
            1.0549177475628262,
            -0.24318984641311442,
            0.7795672818883858,
            -0.6501342020631881,
            -0.10821620534080213,
            5.816016234595326
        ],
        "Tercih Oranı": [
            0.871198941525998,
            -0.2008372096065788,
            0.6438020332850769,
            -0.5369103230994479,
            -0.08936985254696561,
            4.803130101075208
        ],
        "Eğitim Başarısı": {
            "r2": 0.9912709568408031,
            "mse": 0.003981082168611875,
            "mae": 0.006142005771629809
        },
        "Test Başarısı": {
            "r2": 0.8258453737637145,
            "mse": 0.08865995509706848,
            "mae": 0.02248652551630945
        }
    },
    "WBTC-USD": {
        "Model Adı": "WBTC_USD_predict_367_features_7_days",
        "Beklenen Değişim": [
            -0.146193265347345,
            0.36228523931783513,
            -1.1073856910544588,
            0.2729019873502941,
            -0.45011009224193804,
            -0.48418115755636687
        ],
        "Tercih Oranı": [
            -0.14598961111169645,
            0.36178055859041086,
            -1.1058430496342537,
            0.2725218217830995,
            -0.449483067278952,
            -0.48350666996404656
        ],
        "Eğitim Başarısı": {
            "r2": 0.9998159035372501,
            "mse": 100873.8943893655,
            "mae": 106.36295903685387
        },
        "Test Başarısı": {
            "r2": 0.9986069520017582,
            "mse": 851028.1346030474,
            "mae": 303.42601344544755
        }
    },
    "MASK-USD": {
        "Model Adı": "MASK_USD_predict_367_features_7_days",
        "Beklenen Değişim": [
            1.4494100393531743e-08,
            0.0,
            0.0,
            -2.0929433820131066e-08,
            2.5695780445198513,
            -0.6443758290394868
        ],
        "Tercih Oranı": [
            1.4234840471346358e-08,
            0.0,
            0.0,
            -2.055506333584679e-08,
            2.523615302039553,
            -0.6328497030462189
        ],
        "Eğitim Başarısı": {
            "r2": 0.9979829257641615,
            "mse": 859.6162337323212,
            "mae": 4.791856410355109
        },
        "Test Başarısı": {
            "r2": 0.9821127275825214,
            "mse": 6155.861938764117,
            "mae": 12.467606123093857
        }
    },
    "BTC-USD": {
        "Model Adı": "BTC_USD_predict_367_features_7_days",
        "Beklenen Değişim": [
            -0.24879782562730848,
            0.0936837554657038,
            -1.0474163188309007,
            0.24423653618628657,
            -0.12596120924368104,
            -0.5644506783436173
        ],
        "Tercih Oranı": [
            -0.2484429399996558,
            0.09355012480283334,
            -1.0459222824711185,
            0.24388815678939416,
            -0.1257815379676575,
            -0.563645544967721
        ],
        "Eğitim Başarısı": {
            "r2": 0.9998145800316219,
            "mse": 100106.0035051574,
            "mae": 113.80010504693766
        },
        "Test Başarısı": {
            "r2": 0.99857359835538,
            "mse": 859485.8117189131,
            "mae": 322.84709248746157
        }
    },
    "GC=F": {
        "Model Adı": "GC_F_predict_367_features_7_days",
        "Beklenen Değişim": [
            -0.17811822469590197,
            -0.1321406460298704,
            0.06476789379728212,
            0.0657414879856028,
            -0.09023466452850605,
            -0.2714263872342636
        ],
        "Tercih Oranı": [
            -0.17798787313515163,
            -0.13204394205992034,
            0.06472049496396565,
            0.06569337665067565,
            -0.09016862844839603,
            -0.271227750327427
        ],
        "Eğitim Başarısı": {
            "r2": 0.9999086799909772,
            "mse": 31.833000263293936,
            "mae": 3.26731266756607
        },
        "Test Başarısı": {
            "r2": 0.9992681739278904,
            "mse": 272.5502645781534,
            "mae": 9.573218928344817
        }
    },
    "ZETA-USD": {
        "Model Adı": "ZETA_USD_predict_367_features_7_days",